,
Tagline,  Build powerful and memorable taglines that captures the essence of your brand.
Mission Statement," A concise statement that expresses your company's purpose and values.
"
Landing Page Headline Description, A recipe for creating a compelling and engaging headline for a homepage.
Subject Finder," A simple tool that helps you discover the best topics to write about.
"
Grammar," Check the grammar of your text and make it more appealing.
"
Value Proposition," Craft your value proposition statement that resonates with customers and drives sales.
"
Blog Post Aida," Create a blog post with three sections: attention, desire, action.
"
Vision Statement," Create a powerful statement that inspires your team and customers.
"
Product Description," Create a unique description that markets the value of your product.
"
Sub Headers," Create persuasive sub headers that entice people to read your content.
"
Question Generator," Create prospecting questions that make your prospects want to buy.
"
Paraphrase," Create your own content by simply changing words and phrases in the existing content.
"
Blog Post Summary," Generate a short summary of a longer blog post with a click of a button.
"
Google Ad Tilte," Generate ad titles that get your ads noticed.
"
Cold Email," Generate emails for cold outreach to get your business in front of the right people.
"
Expand an outline," Generate ideas by expanding a key point.
"
Blog Post Pas," Generate unique posts using the best formats and the best words.
"
Keyword Finder," Identify the right keywords for your business.
"
Blog Post Intro, Introducing your blog post with a summary statement.
Value Proposition," Make your product stand out from the crowd with a value proposition statement.
"
Landing Page Headline Description, Piece together a compelling headline description that creates a call to action on your landing page.
Rewrite - Adjust Tone," Rephrase content to match a specific tone, for example, friendly or persuasive.
"
Tagline, The most important statement that must be there and that shapes your business.
Blog Post Headline," The tool to create attention grabbing headlines for your blog posts.
"
Followup Email," Write an email that prompts a customer to buy your product.
"
Google Ad Description," Write compelling ads that generate clicks.
"
Blog Post Conclusion," Write compelling blog post conclusions that keep readers engaged.
"
Meta Descriptions, Write descriptions of your website that compel search engines to rank your website.
Thanks You Email," Write email to thank customers after they purchase your products.
"
Write business friendly email," Write sales emails that are as friendly as it is convincing.
"